project_name,responsible_department,fiscal_allocation,annual_budget,initial_budget,approved_budget,annual_expenditure,planned,execution_rate,expected_objective,actual_completion,workbook,sheet_name,source_file,dept,year,level_all,proj,comp_desc
Natural resources monitoring and evaluation project funding,Yunnan Provincial Department of Natural Resources,,91.76,96.19,,91.76,96.19,0.953945317,"Finish YunnanProvince 2024 The work of updating and monitoring the annual classification of the quality of arable land resources, resulting in a report on the results of the classification and monitoring exercise and a database of the results of the work; and the completion of the distribution of the results, providing basic information for the scientific development of the conservation and exploitation of natural resources in the districts and municipalities.","Yunnan Province completed 2024 Update and monitoring of the annual classification of the quality of arable land resources, resulting in a report on the results of the classification update and monitoring 1 Work database 1 The results were distributed to all districts, providing basic information for the scientific use of natural resources for conservation and exploitation in the municipalities.",3.2024 Yunnan Provincial Department of Natural Resources,Self-assessment of project expenditure performance - 53,Qilu\ County and County Accounts/Yunnan Province/ 2024 / 3.2024 Yunnan Provincial Department of Natural Resources,Natural resources,2024,Yunnan Province,"Project name: Funding for the Natural Resources Monitoring and Evaluation Project; Expected target: Completion of Yunnan Province 2024 The work of updating and monitoring the annual classification of the quality of arable land resources, resulting in a report on the results of the classification and monitoring exercise and a database of the results of the work; and the completion of the distribution of the results, providing basic information for the scientific development of the conservation and exploitation of natural resources in the districts and municipalities. ;actual completion: Yunnan Province completed 2024 Update and monitoring of the annual classification of the quality of arable land resources, resulting in a report on the results of the classification update and monitoring 1 Work database 1 The results were distributed to all districts, providing basic information for the scientific use of natural resources for conservation and exploitation in the municipalities.","Natural resources monitoring and evaluation project funding; Yunnan Province completed 2024 The work of updating and monitoring the annual classification of the quality of arable land resources, resulting in a report on the results of the classification and monitoring exercise and a database of the results of the work; and the completion of the distribution of the results, providing basic information for the scientific development of the conservation and exploitation of natural resources in the districts and municipalities.;Yunnan Province completed 2024 Update and monitoring of the annual classification of the quality of arable land resources, resulting in a report on the results of the classification update and monitoring 1 Work database 1 The results were distributed to all districts, providing basic information for the scientific use of natural resources for conservation and exploitation in the municipalities."
Natural resources monitoring and evaluation project funding,Yunnan Provincial Department of Natural Resources,,199.88,200.73,,190.13,200.73,0.947192746,"Completion of annual classification of lands, forest land, grassland, etc. throughout the province, resulting in a report on the results of the graded work and a database of work; completion of Yunnan Production 2022 The annual work on updating and monitoring of the classification of the quality of arable land resources resulted in a report on the results of the classification and monitoring exercise and a working database; the evaluation of the Yunan Province cropland reserve resource survey - supplementary drawing at the provincial level was completed; a report on the results of the evaluation of the back-up resource survey was produced and a working database was developed; the results were distributed to all districts to provide basic information for the scientific use of natural resources in the conservation and development of the municipalities.","Completion of annual classification of lands, forest land, grassland, etc. throughout the province, resulting in a report on the results of the graded work and a database of work; completion of Yunnan Production 2022 The annual work on updating and monitoring of the classification of the quality of arable land resources resulted in a report on the results of the classification and monitoring exercise and a working database; the evaluation of the Yunan Province cropland reserve resource survey - supplementary drawing at the provincial level was completed; a report on the results of the evaluation of the back-up resource survey was produced and a working database was developed; the results were distributed to all districts to provide basic information for the scientific use of natural resources in the conservation and development of the municipalities.",3.2023 Yunnan Provincial Department of Natural Resources,Self-assessment of project expenditure performance - 32,Qilu\ County and County Accounts/Yunnan Province/ 2023 / 3.2023 Yunnan Provincial Department of Natural Resources,Natural resources,2023,Yunnan Province,"Project name: Funding for natural resource monitoring and evaluation project; Expected target: completion of annual classification of lands, forest lands, grasslands, etc. across the province, resulting in a report on the results of the graded work and a working database; completion of Yunnan Province 2022 The annual work on updating and monitoring of the classification of the quality of arable land resources resulted in a report on the results of the classification and monitoring exercise and a working database; the evaluation of the Yunan Province cropland reserve resource survey - supplementary drawing at the provincial level was completed; a report on the results of the evaluation of the back-up resource survey was produced and a working database was developed; the results were distributed to all districts to provide basic information for the scientific use of natural resources in the conservation and development of the municipalities. ; Actual completion: completion of the annual classification of lands, forest lands, grasslands, etc. throughout the province, resulting in a report on the results of the graded work and a database of work; completion of Yunnan Production 2022 The annual work on updating and monitoring of the classification of the quality of arable land resources resulted in a report on the results of the classification and monitoring exercise and a working database; the evaluation of the Yunan Province cropland reserve resource survey - supplementary drawing at the provincial level was completed; a report on the results of the evaluation of the back-up resource survey was produced and a working database was developed; the results were distributed to all districts to provide basic information for the scientific use of natural resources in the conservation and development of the municipalities.","Funding for natural resource monitoring and evaluation project; completion of annual classification of landscapes, woodlands, grasslands, etc. throughout the province, resulting in a report on the results of the graded work and a working database; completion of Yunnan Province 2022 The annual work on updating and monitoring of the classification of the quality of arable land resources resulted in a report on the results of the classification and monitoring exercise and a working database; the evaluation of the Yunan Province cropland reserve resource survey - supplementary drawing at the provincial level was completed; a report on the results of the evaluation of the back-up resource survey was produced and a working database was developed; the results were distributed to all districts to provide basic information for the scientific use of natural resources in the conservation and development of the municipalities. ; completion of the annual classification of lands, forest lands, grasslands, etc. throughout the province, resulting in a report on the results of the graded work and a working database; completion of Yunnan Province 2022 The annual work on updating and monitoring of the classification of the quality of arable land resources resulted in a report on the results of the classification and monitoring exercise and a working database; the evaluation of the Yunan Province cropland reserve resource survey - supplementary drawing at the provincial level was completed; a report on the results of the evaluation of the back-up resource survey was produced and a working database was developed; the results were distributed to all districts to provide basic information for the scientific use of natural resources in the conservation and development of the municipalities."
Natural resources satellite education law enforcement subsidy,Yuxi Municipal Bureau of Natural Resources and Planning,,9.12,40,0,0,40,0,"1 Organization of field verification, internal matching, data entry and inspection of illegally used land, and responsibility for verification, data authenticity and accuracy of data. Quarterly 1 (a) The number of times; 2 ...satillite inspection at the district level can be organized on its own, as appropriate; 3 ...to conduct day-to-day law enforcement supervision to assess the state of natural resource management order in the townships (streets) on an annual basis, using the results of the Satellite Imagery and Misdemeanours Management Information System (IGSTAT) data in an integrated manner. 1 (a) The number of times; 4 ... to request the people ' s governments in the districts (municipalities and districts) to conduct interviews with the townships (streets) where the management of natural resources is disorderly and the use of illegal land for mining purposes is high and to initiate accountability with the relevant authorities, 1 (a) The number of times; 5 ... to urge the people ' s governments of the counties to take active measures to eliminate violations of natural resources, with a focus on regularizing violations and promoting their implementation; 6 Through the Natural Resources Satellite Imagery Law Enforcement Inspection Project, offences are detected at the initial stage, the problem is solved at an embryonic stage, providing a basis for scientific regulation of natural resources and rapid decision-making, continuously promoting the information, standardization and scientificization of natural resources regulation, and improving the management and servicing of natural resources.","In line with the project objectives set at the beginning of the year, the implementation of law enforcement in natural resources is successfully completed and data results are reported as required.",Yuxi Municipal Bureau of Natural Resources and Planning 2022 Annual sector accounts published. xls,Annex 14 Self-assessment of project expenditure performance 49 ),Qilu\ Municipal and Municipal Accounts 2 fromquin self-serving/Yuxi City/ 2022 /Yuxi Municipal Bureau of Natural Resources and Planning 2022 Annual sector accounts published. xls,Natural resources,2022,Yuxi City,"(b) Expected objectives: 1 Organization of field verification, internal matching, data entry and inspection of illegally used land, and responsibility for verification, data authenticity and accuracy of data. Quarterly 1 (a) The number of times; 2 ...satillite inspection at the district level can be organized on its own, as appropriate; 3 ...to conduct day-to-day law enforcement supervision to assess the state of natural resource management order in the townships (streets) on an annual basis, using the results of the Satellite Imagery and Misdemeanours Management Information System (IGSTAT) data in an integrated manner. 1 (a) The number of times; 4 ... to request the people ' s governments in the districts (municipalities and districts) to conduct interviews with the townships (streets) where the management of natural resources is disorderly and the use of illegal land for mining purposes is high and to initiate accountability with the relevant authorities, 1 (a) The number of times; 5 ... to urge the people ' s governments of the counties to take active measures to eliminate violations of natural resources, with a focus on regularizing violations and promoting their implementation; 6 Through the Natural Resources Satellite Imagery Law Enforcement Inspection Project, offences are detected at the initial stage, the problem is solved at an embryonic stage, providing a basis for scientific regulation of natural resources and rapid decision-making, continuously promoting the information, standardization and scientificization of natural resources regulation, and improving the management and servicing of natural resources. • Actual completion: natural resource satellite implementation related to law enforcement was successfully completed and data results were reported as required, in line with project objectives set at the beginning of the year.","(a) Subsidy funding from the Ministry of Law Enforcement of Natural Resources; 1 Organization of field verification, internal matching, data entry and inspection of illegally used land, and responsibility for verification, data authenticity and accuracy of data. Quarterly 1 (a) The number of times; 2 ...satillite inspection at the district level can be organized on its own, as appropriate; 3 ...to conduct day-to-day law enforcement supervision to assess the state of natural resource management order in the townships (streets) on an annual basis, using the results of the Satellite Imagery and Misdemeanours Management Information System (IGSTAT) data in an integrated manner. 1 (a) The number of times; 4 ... to request the people ' s governments in the districts (municipalities and districts) to conduct interviews with the townships (streets) where the management of natural resources is disorderly and the use of illegal land for mining purposes is high and to initiate accountability with the relevant authorities, 1 (a) The number of times; 5 ... to urge the people ' s governments of the counties to take active measures to eliminate violations of natural resources, with a focus on regularizing violations and promoting their implementation; 6 Through the Natural Resources Satellite Imagery Law Enforcement Inspection Project, offences are detected at the initial stage, the problem is solved at an embryonic stage, providing a basis for scientific regulation of natural resources and rapid decision-making, continuously promoting the information, standardization and scientificization of natural resources regulation, and improving the management and servicing of natural resources. :: In line with the project objectives set at the beginning of the year, natural resource satellite implementation related to law enforcement was successfully completed and data results were reported as required."
Payment of interest income on bank deposits in funds holding accounts,Yuxi Municipal Bureau of Natural Resources and Planning,,30,3.00E+01,0,3.49,30,0.116333333,Requirement to pay interest income on bank deposits in our own funds account,My unit has successfully completed the interest on the income and expenditure account. Pay,Yuxi Municipal Bureau of Natural Resources and Planning 2022 Annual sector accounts published. xls,Annex 14 Self-assessment of project expenditure performance 47 ),Qilu\ Municipal and Municipal Accounts 2 fromquin self-serving/Yuxi City/ 2022 /Yuxi Municipal Bureau of Natural Resources and Planning 2022 Annual sector accounts published. xls,Natural resources,2022,Yuxi City,Project name: Payment of interest income on bank deposits in the own funds account; Expected target: payment of interest income on bank deposits in our own funds account as required; Actual completion: our unit has successfully completed the interest on the income and expenditure account Pay,"Payment of interest income on bank deposits in funds holding funds; payment of interest income on bank deposits in funds holding funds in our units, as required; My unit has successfully completed the interest on the income and expenditure account. Pay"
Transfer of project funds from interest income on bank deposits in funds-owned accounts,Yuxi Municipal Ecology and Environment Bureau,,0.071821,1,0,0.071821,1,0.071821,Completed 2022 - 2024 Interest income on bank deposits in individual funds accounts is paid to the municipal treasury on a quarterly basis.,2022 Interest income on annual bank deposits 774.09 CNY Financial Reporting Indicators 718.21 CNY has been handed over to the Treasury. 55.88 CNY does not issue indicators.,Yuxi Municipal Ecology and Environment Bureau 2022 Annual sector accounts published. xls,Schedule 14 - 74 Self-assessment of project expenditure performance,Qilu\ Municipal and Municipal Accounts 2 fromquin self-serving/Yuxi City/ 2022 /Yuxi Municipal Ecology and Environment Bureau 2022 Annual sector accounts published. xls,Ecology and environment,2022,Yuxi City,Project name: Interest income on bank deposits in the own funds account; expected target: completed 2022 - 2024 Interest income on bank deposits in individual funds accounts is paid to the municipal treasury on a quarterly basis. ;actually completed: 2022 Interest income on annual bank deposits 774.09 CNY Financial Reporting Indicators 718.21 CNY has been handed over to the Treasury. 55.88 CNY does not issue indicators.,Pay project funds from interest income on bank deposits in own-fund accounts; completed 2022 - 2024 Interest income on bank deposits in individual funds accounts is paid to the municipal treasury on a quarterly basis. ; 2022 Interest income on annual bank deposits 774.09 CNY Financial Reporting Indicators 718.21 CNY has been handed over to the Treasury. 55.88 CNY does not issue indicators.
Provision for sporadic maintenance of the Second Brigade First Squadron pier for integrated administrative enforcement,Yuxi Municipal Lake Management Bureau,,10.3895,10.4,0,3.11685,10.4,0.299697115,"First, 2021 Year 8 Month 16 On that day, Yuxi City published the “Lake Revolution” Implementation Programme for Yuxi City, a revolution in ideological, lake-management measures and institutional mechanisms, with a focus on the “one core and two zones” of the Yuxi, with a view to protecting the economic and social development of the basins under its control, maintaining precision in the treatment of lakes, scientific management of lakes, application of the rule of law and the management of lakes for all, in an effort to make the “three lakes” basin a model area for the implementation of the “two mountains”. Second, in accordance with the Yunnan Province Fuxian Lake Protection Ordinance, and the announcement by the Office of the People ' s Government of Yuxi City that Fuxian Lake, Xingyun Lake, and Qilu Lake will be issued a programme for the division of responsibilities for the management of protection (OJY). 2018 〕 72 Under the terms of the Act, Yuxi Fuxian Lake Administration is directly responsible for the integrated administrative enforcement of protected areas at the level of the “Three Lakes” and for the organization and coordination of major investigation units, law enforcement supervision and law enforcement patrols. Third, in accordance with the circular of the Office of the Ministry of Agriculture on the publication of the Plan for the Upgrading and Maintenance of Fishery Ports (AAOFO) 2018 】 1 No. ; Ministry of Agriculture, Rules for the Implementation of the Fisheries Port Upgrading and Restoration Project (Pilot) (Agriculture and Fisheries Programme) [Agriculture and Fisheries Programme] 2017 】 46 No.; the Ministry of Agriculture and Rural Affairs is currently organizing the preparation of the National Plan for the Upgrading and Maintenance of Fishery Ports. 2021 — 2025 In the planning process for the upgrading and maintenance of fishing ports, the needs and views of local communities will be taken into account and integrated and coordinated development will be promoted. Fourth, Fuxian Lake, located in Yunnan Province, Yuxi City, has a heavy workload and mandate for the safety oversight of fishing vessels, environmental protection of fishery resources during fishing seasons, a time-barred enforcement of offices in the fishing field, and is unable to meet the requirements of fisheries law enforcement. In order to eliminate the safety oversight management of fishing vessels and maintain normal production order in fisheries, it is proposed to strengthen the maintenance of the previously damaged docks in the integrated administrative enforcement, further strengthen fisheries policy enforcement, strengthen law enforcement, effectively and in a timely manner combat all violations in fisheries waters, and improve the functioning of fisheries governance, improve the management of fishing vessels, improve administrative efficiency and reduce administrative costs, both to eliminate security hazards in the use of the former docks and to enhance the safety of docking at the First Squadron Star Point, as well as facilitate the port-to-port return of Second Brigade administrative law enforcement officers to ports and create a beautiful windline with Fuxian Lake.","Completion of the consolidation, repair, demolition, construction, electrical installation, lighting works, lamps, pre-burials, basic procurement and installation, procurement of pipes, fitting, installation, commissioning, debugging, testing, and so forth. Specifically, the replacement of high-quality natural rubber protection vessels 105 m, add 1420 * 900 * 650 Plastic floater 3 Plus SUV tyres 26 Plus 316 Aluminium alloy. 10 Plus 50 The rice long-manganese steel chain and ground cattle. 2 Set, replace 40 W continuous lighting greater than 12 LED-hour solar lamp 10 One, replace THD- 6 -LED 180 Type Red 4 s Single flashlight lamp, removal of broken rubber port installation and sporadic project, completed and accepted, paid for 31168.5 CNY, to be financially disbursed 72726.5 CNY .",Yuxi Fuxian Lake Administration 2022 Annual sector accounts,"Schedule 14 Self-assessment of project expenditure performance (integrated administrative enforcement, sporadic maintenance of Second Brigade terminal)",Qilu\ Municipal and Municipal Accounts 2 fromquin self-serving/Yuxi City/ 2022 /Yuxi Fuxian Lake Administration 2022 Annual sector accounts,Lake management,2022,Yuxi City,"(a) Project name: Integrated Administrative Enforcement: Funding for the sporadic maintenance of First Square Terminal; 2021 Year 8 Month 16 On that day, Yuxi City published the “Lake Revolution” Implementation Programme for Yuxi City, a revolution in ideological, lake-management measures and institutional mechanisms, with a focus on the “one core and two zones” of the Yuxi, with a view to protecting the economic and social development of the basins under its control, maintaining precision in the treatment of lakes, scientific management of lakes, application of the rule of law and the management of lakes for all, in an effort to make the “three lakes” basin a model area for the implementation of the “two mountains”. Second, in accordance with the Yunnan Province Fuxian Lake Protection Ordinance, and the announcement by the Office of the People ' s Government of Yuxi City that Fuxian Lake, Xingyun Lake, and Qilu Lake will be issued a programme for the division of responsibilities for the management of protection (OJY). 2018 〕 72 Under the terms of the Act, Yuxi Fuxian Lake Administration is directly responsible for the integrated administrative enforcement of protected areas at the level of the “Three Lakes” and for the organization and coordination of major investigation units, law enforcement supervision and law enforcement patrols. Third, in accordance with the circular of the Office of the Ministry of Agriculture on the publication of the Plan for the Upgrading and Maintenance of Fishery Ports (AAOFO) 2018 】 1 No. ; Ministry of Agriculture, Rules for the Implementation of the Fisheries Port Upgrading and Restoration Project (Pilot) (Agriculture and Fisheries Programme) [Agriculture and Fisheries Programme] 2017 】 46 No.; the Ministry of Agriculture and Rural Affairs is currently organizing the preparation of the National Plan for the Upgrading and Maintenance of Fishery Ports. 2021 — 2025 In the planning process for the upgrading and maintenance of fishing ports, the needs and views of local communities will be taken into account and integrated and coordinated development will be promoted. Fourth, Fuxian Lake, located in Yunnan Province, Yuxi City, has a heavy workload and mandate for the safety oversight of fishing vessels, environmental protection of fishery resources during fishing seasons, a time-barred enforcement of offices in the fishing field, and is unable to meet the requirements of fisheries law enforcement. In order to eliminate the safety oversight management of fishing vessels and maintain normal production order in fisheries, it is proposed to strengthen the maintenance of the previously damaged docks in the integrated administrative enforcement, further strengthen fisheries policy enforcement, strengthen law enforcement, effectively and in a timely manner combat all violations in fisheries waters, and improve the functioning of fisheries governance, improve the management of fishing vessels, improve administrative efficiency and reduce administrative costs, both to eliminate security hazards in the use of the former docks and to enhance the safety of docking at the First Squadron Star Point, as well as facilitate the port-to-port return of Second Brigade administrative law enforcement officers to ports and create a beautiful windline with Fuxian Lake. ; Actual completion: Completion of the consolidation, repair, demolition, construction, electrical installation, lighting, lighting, lighting, pre-burial, basic procurement and installation, line procurement, installation, commissioning, commissioning, testing, testing, etc. of the Yuxi Fuxian Lake Admination Integrated Administrative Enforcement Seaport. Specifically, the replacement of high-quality natural rubber protection vessels 105 m, add 1420 * 900 * 650 Plastic floater 3 Plus SUV tyres 26 Plus 316 Aluminium alloy. 10 Plus 50 The rice long-manganese steel chain and ground cattle. 2 Set, replace 40 W continuous lighting greater than 12 LED-hour solar lamp 10 One, replace THD- 6 -LED 180 Type Red 4 s Single flashlight lamp, removal of broken rubber port installation and sporadic project, completed and accepted, paid for 31168.5 CNY, to be financially disbursed 72726.5 CNY .","Integrated Administrative Enforcement (IAD) 2021 Year 8 Month 16 On that day, Yuxi City published the “Lake Revolution” Implementation Programme for Yuxi City, a revolution in ideological, lake-management measures and institutional mechanisms, with a focus on the “one core and two zones” of the Yuxi, with a view to protecting the economic and social development of the basins under its control, maintaining precision in the treatment of lakes, scientific management of lakes, application of the rule of law and the management of lakes for all, in an effort to make the “three lakes” basin a model area for the implementation of the “two mountains”. Second, in accordance with the Yunnan Province Fuxian Lake Protection Ordinance, and the announcement by the Office of the People ' s Government of Yuxi City that Fuxian Lake, Xingyun Lake, and Qilu Lake will be issued a programme for the division of responsibilities for the management of protection (OJY). 2018 〕 72 Under the terms of the Act, Yuxi Fuxian Lake Administration is directly responsible for the integrated administrative enforcement of protected areas at the level of the “Three Lakes” and for the organization and coordination of major investigation units, law enforcement supervision and law enforcement patrols. Third, in accordance with the circular of the Office of the Ministry of Agriculture on the publication of the Plan for the Upgrading and Maintenance of Fishery Ports (AAOFO) 2018 】 1 No. ; Ministry of Agriculture, Rules for the Implementation of the Fisheries Port Upgrading and Restoration Project (Pilot) (Agriculture and Fisheries Programme) [Agriculture and Fisheries Programme] 2017 】 46 No.; the Ministry of Agriculture and Rural Affairs is currently organizing the preparation of the National Plan for the Upgrading and Maintenance of Fishery Ports. 2021 — 2025 In the planning process for the upgrading and maintenance of fishing ports, the needs and views of local communities will be taken into account and integrated and coordinated development will be promoted. Fourth, Fuxian Lake, located in Yunnan Province, Yuxi City, has a heavy workload and mandate for the safety oversight of fishing vessels, environmental protection of fishery resources during fishing seasons, a time-barred enforcement of offices in the fishing field, and is unable to meet the requirements of fisheries law enforcement. In order to eliminate the safety oversight management of fishing vessels and maintain normal production order in fisheries, it is proposed to strengthen the maintenance of the previously damaged docks in the integrated administrative enforcement, further strengthen fisheries policy enforcement, strengthen law enforcement, effectively and in a timely manner combat all violations in fisheries waters, and improve the functioning of fisheries governance, improve the management of fishing vessels, improve administrative efficiency and reduce administrative costs, both to eliminate security hazards in the use of the former docks and to enhance the safety of docking at the First Squadron Star Point, as well as facilitate the port-to-port return of Second Brigade administrative law enforcement officers to ports and create a beautiful windline with Fuxian Lake. :: Completion of the consolidation, repair, demolition, construction, electrical installation, lighting works, lamps, pre-burials, basic procurement and installation, procurement of pipes, fitting, installation, debugging, testing, testing and so forth. Specifically, the replacement of high-quality natural rubber protection vessels 105 m, add 1420 * 900 * 650 Plastic floater 3 Plus SUV tyres 26 Plus 316 Aluminium alloy. 10 Plus 50 The rice long-manganese steel chain and ground cattle. 2 Set, replace 40 W continuous lighting greater than 12 LED-hour solar lamp 10 One, replace THD- 6 -LED 180 Type Red 4 s Single flashlight lamp, removal of broken rubber port installation and sporadic project, completed and accepted, paid for 31168.5 CNY, to be financially disbursed 72726.5 CNY ."
Specialized funds for integrated administrative enforcement clothing and marking distribution,Yuxi Municipal Ecology and Environment Bureau,,107.43,115.04088,0,85.22536,115.04088,0.740826739,"In-depth study of Xi Jinping Thought on Environmental Civilization and the study of Yunnan ' s important speeches, full implementation of the spirit of the National, Provincial and Ecological Environmental Protection Congress, effective strengthening of the firm confidence in winning pollution and prevention campaigns, effective implementation of the mission of good environmental law enforcement, and effective implementation of the prominent role of environmental law enforcement. Efforts have been made to create a law enforcement force that is politically strong, capable, tough and courageous, particularly in terms of suffering, combative and dedicated ecological protection.
The integrated administrative enforcement of clothing and markings for the protection of the ecological environment, the enhancement of uniformity, regulation and recognition of clothing, the regulation of the administration of clothing, the promotion of the institutionalization, legalization and regularization of the development of environmental protection teams, the further enhancement of the sense of responsibility, mission and collective honour of all cadres, the enhancement of the cohesion and combat of environmental protection teams, the stimulation of work and the creation of new performances. To create and maintain a good image of the ecological conservation team and to work towards a unified, authoritative and efficient landscape of ecological conservation. To enhance the accountability of law enforcement officials, to exercise due diligence, to serve with enthusiasm, to regulate the law, to regulate law enforcement, to create positive competitions, to improve the overall management of ecological protection and to promote new steps in the cause of environmental protection.","In-depth study of Xi Jinping Thought on Environmental Civilization and the study of Yunnan ' s important speeches, full implementation of the spirit of the National, Provincial and Ecological Environmental Protection Congress, effective strengthening of the firm confidence in winning pollution and prevention campaigns, effective implementation of the mission of good environmental law enforcement, and effective implementation of the prominent role of environmental law enforcement. Efforts have been made to create a law enforcement force that is politically strong, capable, tough and courageous, particularly in terms of suffering, combative and dedicated ecological protection.
The integrated administrative enforcement of clothing and markings for the protection of the ecological environment, the enhancement of uniformity, regulation and recognition of clothing, the regulation of the administration of clothing, the promotion of the institutionalization, legalization and regularization of the development of environmental protection teams, the further enhancement of the sense of responsibility, mission and collective honour of all cadres, the enhancement of the cohesion and combat of environmental protection teams, the stimulation of work and the creation of new performances. To create and maintain a good image of the ecological conservation team and to work towards a unified, authoritative and efficient landscape of ecological conservation. To enhance the accountability of law enforcement officials, to exercise due diligence, to serve with enthusiasm, to regulate the law, to regulate law enforcement, to create positive competitions, to improve the overall management of ecological protection and to promote new steps in the cause of environmental protection.",Yuxi Municipal Ecology and Environment Bureau 2022 Annual sector accounts published. xls,Schedule 14 - 4 Self-assessment of project expenditure performance,Qilu\ Municipal and Municipal Accounts 2 fromquin self-serving/Yuxi City/ 2022 /Yuxi Municipal Ecology and Environment Bureau 2022 Annual sector accounts published. xls,Ecology and environment,2022,Yuxi City,"(b) Expected objectives: To further study Xi Jinping Thought on Economic Civilization and to study Yunnan ' s key speeches, to fully implement the spirit of the National, Provincial and Ecological Environmental Protection Congress, to effectively strengthen the firm confidence in winning the fight against pollution, to effectively fulfil the mission of good environmental law enforcement and to effectively play a prominent role as the main environmental law enforcement force. Efforts have been made to create a law enforcement force that is politically strong, capable, tough and courageous, particularly in terms of suffering, combative and dedicated ecological protection.
The integrated administrative enforcement of clothing and markings for the protection of the ecological environment, the enhancement of uniformity, regulation and recognition of clothing, the regulation of the administration of clothing, the promotion of the institutionalization, legalization and regularization of the development of environmental protection teams, the further enhancement of the sense of responsibility, mission and collective honour of all cadres, the enhancement of the cohesion and combat of environmental protection teams, the stimulation of work and the creation of new performances. To create and maintain a good image of the ecological conservation team and to work towards a unified, authoritative and efficient landscape of ecological conservation. To enhance the accountability of law enforcement officials, to exercise due diligence, to serve with enthusiasm, to regulate the law, to regulate law enforcement, to create positive competitions, to improve the overall management of ecological protection and to promote new steps in the cause of environmental protection. • Practical completion: in-depth study of Xi Jinping Thought on Ecological Civilization and visiting of Yunnan's key speeches, full implementation of the spirit of the National and Provincial Eco-Environmental Conservation Congress, effective strengthening of firm confidence in the fight against pollution, effective implementation of the mission of eco-environmental law enforcement and effective enforcement of the environmental law. Efforts have been made to create a law enforcement force that is politically strong, capable, tough and courageous, particularly in terms of suffering, combative and dedicated ecological protection.
The integrated administrative enforcement of clothing and markings for the protection of the ecological environment, the enhancement of uniformity, regulation and recognition of clothing, the regulation of the administration of clothing, the promotion of the institutionalization, legalization and regularization of the development of environmental protection teams, the further enhancement of the sense of responsibility, mission and collective honour of all cadres, the enhancement of the cohesion and combat of environmental protection teams, the stimulation of work and the creation of new performances. To create and maintain a good image of the ecological conservation team and to work towards a unified, authoritative and efficient landscape of ecological conservation. To enhance the accountability of law enforcement officials, to exercise due diligence, to serve with enthusiasm, to regulate the law, to regulate law enforcement, to create positive competitions, to improve the overall management of ecological protection and to promote new steps in the cause of environmental protection.","Special funds are allocated for integrated administrative enforcement costumes and markings; in-depth study of Xi Jinping Thought on Economic Civilization and a study tour of Yunnan ' s key speeches, full implementation of the spirit of the National and Provincial Eco-Environmental Conservation Congress, effective strengthening of firm confidence in the fight against pollution and prevention, effective implementation of the mission of good environmental law enforcement, and effective implementation of the outstanding role of the environmental law enforcement force. Efforts have been made to create a law enforcement force that is politically strong, capable, tough and courageous, particularly in terms of suffering, combative and dedicated ecological protection.
The integrated administrative enforcement of clothing and markings for the protection of the ecological environment, the enhancement of uniformity, regulation and recognition of clothing, the regulation of the administration of clothing, the promotion of the institutionalization, legalization and regularization of the development of environmental protection teams, the further enhancement of the sense of responsibility, mission and collective honour of all cadres, the enhancement of the cohesion and combat of environmental protection teams, the stimulation of work and the creation of new performances. To create and maintain a good image of the ecological conservation team and to work towards a unified, authoritative and efficient landscape of ecological conservation. To enhance the accountability of law enforcement officials, to exercise due diligence, to serve with enthusiasm, to regulate the law, to regulate law enforcement, to create positive competitions, to improve the overall management of ecological protection and to promote new steps in the cause of environmental protection. In-depth study of Xi Jinping Thought on Environmental Civilization and the study of Yunnan ' s key speeches, full implementation of the spirit of the National and Provincial Eco-environmental Conservation Congress, effective strengthening of firm confidence in the fight against pollution, effective implementation of the mission of eco-environmental law enforcement, and effective implementation of the prominent role of eco-environmental law enforcement. Efforts have been made to create a law enforcement force that is politically strong, capable, tough and courageous, particularly in terms of suffering, combative and dedicated ecological protection.
The integrated administrative enforcement of clothing and markings for the protection of the ecological environment, the enhancement of uniformity, regulation and recognition of clothing, the regulation of the administration of clothing, the promotion of the institutionalization, legalization and regularization of the development of environmental protection teams, the further enhancement of the sense of responsibility, mission and collective honour of all cadres, the enhancement of the cohesion and combat of environmental protection teams, the stimulation of work and the creation of new performances. To create and maintain a good image of the ecological conservation team and to work towards a unified, authoritative and efficient landscape of ecological conservation. To enhance the accountability of law enforcement officials, to exercise due diligence, to serve with enthusiasm, to regulate the law, to regulate law enforcement, to create positive competitions, to improve the overall management of ecological protection and to promote new steps in the cause of environmental protection."
Special funds for on-site verification of suspected sites for the identification of potential hazards by integrated remote sensing,Yunnan Provincial Department of Natural Resources,,119.93,0,,119.93,119.93,1,Completion of the Ministry of Natural Resources decision on Yunnan Province 2023 Annual integrated remote sensing hazard identification site (area) field verification mission 1500 Place.,Completion of the Ministry of Natural Resources decision on Yunnan Province 2023 Annual integrated remote sensing hazard identification site (area) field verification mission 1500 Place.,3.2023 Yunnan Provincial Department of Natural Resources,Self-assessment of project expenditure performance - 30,Qilu\ County and County Accounts/Yunnan Province/ 2023 / 3.2023 Yunnan Provincial Department of Natural Resources,Natural resources,2023,Yunnan Province,(b) Expected target: Completion of the Ministry of Natural Resources' issuance of Yunnan Province 2023 Annual integrated remote sensing hazard identification site (area) field verification mission 1500 Place. ; Actual completion: Ministry of Natural Resources issued Yunnan Province 2023 Annual integrated remote sensing hazard identification site (area) field verification mission 1500 Place.,Special funds for on-site verification of suspected risk sites for the identification of potential hazards by integrated remote sensing; completion of Ministry of Natural Resources release of Yunnan Province 2023 Annual integrated remote sensing hazard identification site (area) field verification mission 1500 Place. ; complete the release of Yunnan Province by the Ministry of Natural Resources 2023 Annual integrated remote sensing hazard identification site (area) field verification mission 1500 Place.
Funding for the Integrated Law Enforcement Brigade operational room de-risk reinforcement project,Yuxi Municipal Lake Management Bureau,35,,0,,35,35,1,"The integrated administrative law enforcement Third Brigade, which implemented the integrated law enforcement unit operating unit operation risk-resilient reinforcement project based on the functional requirements of law enforcement, was built to address the root causes of integrated administrative law enforcement Third Brigade (First Squadron < Lee Bay Point>, Second Squadron < River Shack Point>, Third Squadron > Big Hole""), which had become seriously ageing and had significant security risks, with frequent leaks and power outages severely affecting normal work and failing to meet functional requirements, highlighting issues and even threatening the lives and property security of the brigade personnel, strengthening the earthquake resistance of the building structure and safeguarding the force personnel. Achieved 100 % complete project construction, zero security incidents and ensure completion of acceptance and inspection according to schedule. Social benefits of the project: improving infrastructure through the construction of new operational law enforcement units, addressing the office accommodation needs of law enforcement personnel and enhancing staff stability and motivation. Implementation of operational law enforcement units when completed 100 %, sustainable impact of the project: Integrated Law Enforcement Brigade operations consolidation project is built to meet the practical needs of Xingyun Lake for protection of law enforcement, which will lead to a fundamental improvement in the infrastructure of the Enforcement Brigade and satisfaction of the beneficiary population Da. 80 % and above, effectively increase the efficiency of the Law Enforcement Brigade and improve the performance of Xingyun Lake protection functions, thereby achieving long-term conservation governance objectives for Fuxian Lake at the central, provincial and municipal levels.
 2023 Year: I, completion of the implementation of the implementation of the enforcement operations of the enforcement operations of Third Brigade, the remaining large river block reinforcements, II, payment of the contract price of the project in accordance with the actual schedule of work and contractual agreement, and III, completion of the receipt and inspection of the project for the enforcement operations.","Comprehensive administrative enforcement of Trird Brigade (First Squadron <Li Bay Point"", Second Squadron > Big River Pit Point, Third Squadron > Big Hole"") has been completed, First Squadron <Li Bay Point', Third Squadron > Large Hole > has been completed and the initial examination has been completed, and the first examination is pending.",Yuxi Municipal Lake Management Bureau 2023 Annual sector accounts,Self-assessment of project expenditure performance 50 ）,Qilu\ Municipal and Municipal Accounts Statement/Yuxi City/ 2023 /Yuxi Municipal Lake Management Bureau 2023 Annual sector accounts,Lake management,2023,Yuxi City,"(b) Expected objectives: Integrated Administrative Enforcement Third Brigade implements the Integrated Law Enforcement Unit operational stupor project based on the functional requirements of law enforcement, which, when completed, fundamentally addresses the underlying problems of Integrated Administrative Law Enforcement Third Brigade (First Squadron < Lee Bay Point>, Second Squadron < River Shack Point>, Third Squadron > Big Hole""), which is used for law enforcement operations, is seriously ageing and has significant security risks, with frequent water leaks and power outages, seriously affecting normal work and unable to meet functional needs, highlighting issues and even threatening the lives and property security of the personnel of the Brigade, as well as strengthening the earthquake resistance of the building structure and securing the personnel of the Brigade. Achieved 100 % complete project construction, zero security incidents and ensure completion of acceptance and inspection according to schedule. Social benefits of the project: improving infrastructure through the construction of new operational law enforcement units, addressing the office accommodation needs of law enforcement personnel and enhancing staff stability and motivation. Implementation of operational law enforcement units when completed 100 %, sustainable impact of the project: Integrated Law Enforcement Brigade operations consolidation project is built to meet the practical needs of Xingyun Lake for protection of law enforcement, which will lead to a fundamental improvement in the infrastructure of the Enforcement Brigade and satisfaction of the beneficiary population Da. 80 % and above, effectively increase the efficiency of the Law Enforcement Brigade and improve the performance of Xingyun Lake protection functions, thereby achieving long-term conservation governance objectives for Fuxian Lake at the central, provincial and municipal levels.
 2023 Year: I, completion of the implementation of the implementation of the enforcement operations of the enforcement operations of Third Brigade, the remaining large river block reinforcements, II, payment of the contract price of the project in accordance with the actual schedule of work and contractual agreement, and III, completion of the receipt and inspection of the project for the enforcement operations. ; Actual completion: Integrated Administrative Enforcement Trird Brigade (First Squadron <Li Bay Point>, Second Squadron <Big Shack Point>, Third Squadron > Big Hole"") has been completed, First Squadron <Li Bay Point', Third Squadron > Large Hole > has been completed and the initial test has been completed and Second Squadron <Big Point > is pending.","The Integrated Law Enforcement Brigade operations are funded by the Risk Reduction Project; the Integrated Administrative Law Enforcement Brigade operations are being implemented through the Integrated Law Enforcement Brigade operations recovery enhancement project, based on the functional requirements of law enforcement; the construction of the Integrated Administrative Law Enforcement Brigade operations is addressing the underlying causes of the Integrated Administrative Law Enforcement Third Brigade (First Squadron <Li Bay Point>, Second Squadron < River Shack Point>, Third Squadron > Big Gap > ) which is already very old, with significant security risks, frequent water leaks, power outages and failure to meet functional requirements, some of the salient issues and even threats to the lives and property security of the Brigade personnel, as well as the security of the Brigade in order to enhance the resilience of the building structure. Achieved 100 % complete project construction, zero security incidents and ensure completion of acceptance and inspection according to schedule. Social benefits of the project: improving infrastructure through the construction of new operational law enforcement units, addressing the office accommodation needs of law enforcement personnel and enhancing staff stability and motivation. Implementation of operational law enforcement units when completed 100 %, sustainable impact of the project: Integrated Law Enforcement Brigade operations consolidation project is built to meet the practical needs of Xingyun Lake for protection of law enforcement, which will lead to a fundamental improvement in the infrastructure of the Enforcement Brigade and satisfaction of the beneficiary population Da. 80 % and above, effectively increase the efficiency of the Law Enforcement Brigade and improve the performance of Xingyun Lake protection functions, thereby achieving long-term conservation governance objectives for Fuxian Lake at the central, provincial and municipal levels.
 2023 Year: I, completion of the implementation of the implementation of the enforcement operations of the enforcement operations of Third Brigade, the remaining large river block reinforcements, II, payment of the contract price of the project in accordance with the actual schedule of work and contractual agreement, and III, completion of the receipt and inspection of the project for the enforcement operations. ); comprehensive administrative enforcement of Third Brigade (First Squadron <Li Bay Point"", Second Squadron > Big River Pit Point, Third Squadron > Big Hole ) has been completed; First Squadron <Li Bay Point > , Third Squadron > Big Hole > has been completed and the initial examination is pending."
Funding for the Integrated Law Enforcement Brigade operational room de-risk reinforcement project,Yuxi Municipal Lake Management Bureau,,109.30655,395,0,109.30655,395,0.276725443,"Under the strong leadership of the Bureau, the Integrated Administrative Law Enforcement Third Brigade has been following closely the spirit of the important speeches of Xi Jinping Thought on Economic Civilization and Xi Jinping, as well as the spirit of the provincial and provincial governments' meetings on the protection governance of Fuxian Lake, and the five revolutionary initiatives to “rewind, reduce, regulate, regulate and regulate” and to implement strictly the Yunnan Province Fuxian Lake Protection Regulations, to implement the decision-making deployments of the party committee at all levels on the protection governance of Fuxian Lake, to fully implement the integrated administration of the first level of protected areas and watershed control, to effectively fulfil Xingyun Lake protection responsibilities and Xingyun Lake area-wide supervision. The Integrated Administrative Law Enforcement Third Brigade project, based on operational requirements for law enforcement, has resulted in a fundamental improvement in the infrastructure conditions of Integrated Administrative Law Enforcement Third Brigade, an improved working-life environment for its personnel and a better functioning of integrated administrative enforcement and watershed control functions. To achieve the long-term conservation governance of Fuxian Lake at the central, provincial and municipal levels, thereby achieving the objective of maintaining the ecological balance in the lakes and protected areas, by effectively enhancing the efficiency of the work of the enforcement brigade and improving the functioning of the Xingyun Lake protection function.","The project has 2022 Year 3 It's the beginning of the month. 2022 During the course of the year, the construction of two points in Li Jia Wan and the large dents were completed and were in the pilot phase of operation, while the construction of the main river nodes was under way, but the project was not funded to allow for the disbursement of progress funds and was currently in a state of shutdown. 2022 Funds are in place for the year 109.30655 Ten thousand CNY has all been paid.",Yuxi Fuxian Lake Administration 2022 Annual sector accounts,Schedule 14 Self-assessment of project expenditure performance (Integrative Law Enforcement Brigade operational room enhancement project),Qilu\ Municipal and Municipal Accounts 2 fromquin self-serving/Yuxi City/ 2022 /Yuxi Fuxian Lake Administration 2022 Annual sector accounts,Lake management,2022,Yuxi City,"(b) Expected objectives: Integrated Executive Law Enforcement Third Brigade, under the strong leadership of the bureau group, to follow up closely on the spirit of Xi Jinping Thought on Economic Civilization and Xi Jinping's important speech on Yunnan, as well as the spirit of the provincial council and the provincial government's conference on the protection governance of Fuxian Lake, and to ensure that the five revolutionary initiatives of “rewind, reduce, regulate, regulate, regulate” and strictly implement the Yunnan Province Fuxian Lake Protection Regulations, and to implement carefully the decision-making deployments of the Party Councils at all levels on the protection governance of Fuxian Lake, to fully implement the integrated administrative enforcement and watershed control of the first-level protected area, to effectively fulfil Xingyun Lake protection responsibilities and to exercise Xingyun Lake territorial control. The Integrated Administrative Law Enforcement Third Brigade project, based on operational requirements for law enforcement, has resulted in a fundamental improvement in the infrastructure conditions of Integrated Administrative Law Enforcement Third Brigade, an improved working-life environment for its personnel and a better functioning of integrated administrative enforcement and watershed control functions. To achieve the long-term conservation governance of Fuxian Lake at the central, provincial and municipal levels, thereby achieving the objective of maintaining the ecological balance in the lakes and protected areas, by effectively enhancing the efficiency of the work of the enforcement brigade and improving the functioning of the Xingyun Lake protection function. ; Actual completion: the project 2022 Year 3 It's the beginning of the month. 2022 During the course of the year, the construction of two points in Li Jia Wan and the large dents were completed and were in the pilot phase of operation, while the construction of the main river nodes was under way, but the project was not funded to allow for the disbursement of progress funds and was currently in a state of shutdown. 2022 Funds are in place for the year 109.30655 Ten thousand CNY has all been paid.","The Integrated Law Enforcement Brigade operates under the strong leadership of the Agency's party group, following closely the spirit of Xi Jinping Thought on Economic Civilization and Xi's important speech on Yunnan, as well as the spirit of the Provincial Council and the Provincial Government's Conference on the Protection Governance of Fuxian Lake, the five revolutionary initiatives to “rewind, reduce, regulate, regulate and regulate” and the Yunnan Province Fuxian Lake Protection Regulations, and the serious implementation of the decision-making deployments of the Party Council at all levels on the protection governance of Fuxian Lake, the full implementation of the integrated administration and watershed control of the first level of protected areas, the effective implementation of Xingyun Lake protection responsibilities and the full area control of Xingyun Lake. The Integrated Administrative Law Enforcement Third Brigade project, based on operational requirements for law enforcement, has resulted in a fundamental improvement in the infrastructure conditions of Integrated Administrative Law Enforcement Third Brigade, an improved working-life environment for its personnel and a better functioning of integrated administrative enforcement and watershed control functions. To achieve the long-term conservation governance of Fuxian Lake at the central, provincial and municipal levels, thereby achieving the objective of maintaining the ecological balance in the lakes and protected areas, by effectively enhancing the efficiency of the work of the enforcement brigade and improving the functioning of the Xingyun Lake protection function. ;The project 2022 Year 3 It's the beginning of the month. 2022 During the course of the year, the construction of two points in Li Jia Wan and the large dents were completed and were in the pilot phase of operation, while the construction of the main river nodes was under way, but the project was not funded to allow for the disbursement of progress funds and was currently in a state of shutdown. 2022 Funds are in place for the year 109.30655 Ten thousand CNY has all been paid."
80 No. No. 2023 Annual Central Water Pollution Control Fund,Tonghai County Water Resources Bureau,,250,0,,250,250,1,"2023 Notification of central water pollution funds for the year 2023 Central Water Pollution Prevention Fund 3000 ten Thousand CNY, Eco-efficiency: effective reduction of the pollution load of the lake following the implementation of the project for the restoration of the ecological buffer zone of the lake (Red Flag River, Man Bay River) west of Qilu Lake Approximately 0.13 km 2 Rehabilitation of river ecological buffer length 4.6 km. Improving the health and ecological landscape of the Red Flag and Pyre Bay ecosystems and promoting water quality and ecological upgrading in the western lake area of Qilu Lake. Social benefits: The implementation of the project for the rehabilitation of the ecological buffer zone of the Lake River (Red Flag River, Pyre Bay River) in the western part of Qilu Lake will have a positive impact on the ecological construction of the region along the river, promote changes in the way of life and production, improve the habitat environment, raise the ecological awareness of the surrounding population to “care for the water environment, protect the riparian zone” and effectively build harmonious coexistence between humans and nature, as well as contribute positively to the sustainable development of the western basin of Qilu Lake. Economic Benefits: Following the implementation of the project for the rehabilitation of the ecological buffer zone of the Lake River (Red Flag River, Man Bay River) in the west of Qilu Lake, the project will promote the rapid development of the region ' s third-sector industries, such as ecotourism, services, etc., and the restructuring of regional industries, the promotion and universalization of cleaner production, the promotion of environmentally friendly economic development and the creation of new growth points in the region ' s economy.",2024 The central water pollution prevention fund was allocated. 250 ten thousand CNY .,Tonghai County Water Resources Bureau 2023 Annual sector accounts,Schedule 15 - 35 Self-assessment of project expenditure performance,Qilu\ County and County Accounts Statement/Tonghai Council/ 2023 /Tonghai County Water Resources Bureau 2023 Annual sector accounts,Water,2023,Tonghai County,"Project name: NA; Expected objective: to assume reasonable movement of Tonghai County water resources and to provide water for agricultural irrigation. Operational responsibilities for drought preparedness, canal management, equipment operation management, safe operation of reservoirs and supply of water for productive life, planned inputs 320.82 Ten thousand CNY running costs to ensure that water works are running properly. Economic benefits: achieving fiscal non-tax revenues (water revenues) 200 Ten Thousand CNY, which combines good water supply development with water conservation facilities, strengthens cost constraints and leverages the role of price leverage in water resource allocation. Social benefits: beneficiary design area for project implementation 13.36 Ten thousand mu, actual irrigated area 8.35 I'm sorry. The target audience is the people of River West, Hingmong Town, Kowloon Street, Four Streets, Sushan Street, Yang Guang Town, and the Grand Village. Service population satisfaction 90 % of beneficiaries 15 I don't know. Effectively promote the stable development of the rural economy of agriculture, guarantee the full realization of the benefits of water works and the healthy operation of water utilities, and promote the healthy and sustainable use of water resources. ;actually completed: 2023 Annual financial allocation for plumbing operations 38.34 Ten thousand CNY, actually completed 38.34 : Agricultural drainage charges 22.28 ten Thousand CNY; provision for maintenance of water works 16.06 I'm sorry. Of which temporary workers for machine maintenance, ditches 12.06 ten Thousand CNY for running materials for maintenance works 4.00 10 Thousand CNY, covering water resources with non-financial resources 3.49 ten thousand CNY .","80 No. No. 2023 (b) The central water pollution prevention and control fund for the year; 2023 Notification of central water pollution funds for the year 2023 Central Water Pollution Prevention Fund 3000 ten Thousand CNY, Eco-efficiency: effective reduction of the pollution load of the lake following the implementation of the project for the restoration of the ecological buffer zone of the lake (Red Flag River, Man Bay River) west of Qilu Lake Approximately 0.13 km 2 Rehabilitation of river ecological buffer length 4.6 km. Improving the health and ecological landscape of the Red Flag and Pyre Bay ecosystems and promoting water quality and ecological upgrading in the western lake area of Qilu Lake. Social benefits: The implementation of the project for the rehabilitation of the ecological buffer zone of the Lake River (Red Flag River, Pyre Bay River) in the western part of Qilu Lake will have a positive impact on the ecological construction of the region along the river, promote changes in the way of life and production, improve the habitat environment, raise the ecological awareness of the surrounding population to “care for the water environment, protect the riparian zone” and effectively build harmonious coexistence between humans and nature, as well as contribute positively to the sustainable development of the western basin of Qilu Lake. Economic Benefits: Following the implementation of the project for the rehabilitation of the ecological buffer zone of the Lake River (Red Flag River, Man Bay River) in the west of Qilu Lake, the project will promote the rapid development of the region ' s third-sector industries, such as ecotourism, services, etc., and the restructuring of regional industries, the promotion and universalization of cleaner production, the promotion of environmentally friendly economic development and the creation of new growth points in the region ' s economy. ; 2024 The central water pollution prevention fund was allocated. 250 ten thousand CNY ."
